Feature 1,Feature 2,Target
0.4967141530112327,-0.13826430117118466,2.669554804810356
0.6476885381006925,1.5230298564080254,0.15815986690140266
-0.23415337472333597,-0.23413695694918055,1.3775887072878237
1.5792128155073915,0.7674347291529088,4.0935505523106945
-0.4694743859349521,0.5425600435859647,-1.8391287272706622
-0.46341769281246226,-0.46572975357025687,0.2108568044377453
0.24196227156603412,-1.913280244657798,5.306327752903451
-1.7249178325130328,-0.5622875292409727,-2.0432840531927265
-1.0128311203344238,0.3142473325952739,-1.8401991563545284
-0.9080240755212109,-1.4123037013352915,3.198452218927858
1.465648768921554,-0.22577630048653566,5.355964518526233
0.06752820468792384,-1.4247481862134568,4.301150066994332
-0.5443827245251827,0.11092258970986608,-0.08361659104411445
-1.1509935774223028,0.37569801834567196,-2.2280447509250676
-0.600638689918805,-0.2916937497932768,-0.134182597489287
-0.6017066122293969,1.8522781845089378,-3.4588826524429463
-0.013497224737933921,-1.0577109289559004,2.483724003007
0.822544912103189,-1.2208436499710222,5.1354715468358085
0.2088635950047554,-1.9596701238797756,4.806883436580932
-1.3281860488984305,0.19686123586912352,-2.6338782771173372
0.7384665799954104,0.1713682811899705,3.6950328271833333
-0.11564828238824053,-0.3011036955892888,0.31923334979424456
-1.4785219903674274,-0.7198442083947086,-1.0574553056208362
-0.4606387709597875,1.0571222262189157,-2.860774870188343
0.3436182895684614,-1.763040155362734,4.7965520706793585
0.324083969394795,-0.38508228041631654,3.04783332672004
-0.6769220003059587,0.6116762888408679,-1.7611823111307279
1.030999522495951,0.9312801191161986,1.3623222028660669
-0.8392175232226385,-0.3092123758512146,-0.8991133861543941
0.33126343140356396,0.9755451271223592,0.4119762241560012
-0.47917423784528995,-0.18565897666381712,-0.22893275247692235
-1.1063349740060282,-1.1962066240806708,0.49556378312112426
0.812525822394198,1.356240028570823,0.6128684245099207
-0.07201012158033385,1.0035328978920242,-1.3121846939593866
0.36163602504763415,-0.6451197546051243,4.137277665570972
0.36139560550841393,1.5380365664659692,-0.5480172947087045
-0.03582603910995154,1.5646436558140062,-2.9184949715688937
-2.6197451040897444,0.8219025043752238,-6.93556011071505
0.08704706823817122,-0.29900735046586746,1.4249376690497955
0.0917607765355023,-1.9875689146008928,5.233242655018475
-0.21967188783751193,0.3571125715117464,-0.5882427175312738
1.477894044741516,-0.5182702182736474,5.570253284012906
-0.8084936028931876,-0.5017570435845365,0.13442231070942529
0.9154021177020741,0.32875110965968446,3.129630893952814
-0.5297602037670388,0.5132674331133561,-1.8484300925495263
0.09707754934804039,0.9686449905328892,-0.668117727509574
-0.7020530938773524,-0.3276621465977682,-0.4028135263978763
-0.39210815313215763,-1.4635149481321186,2.3273919075205636
0.29612027706457605,0.26105527217988933,2.153128322878188
0.00511345664246089,-0.23458713337514692,1.6375313371618947
-1.4153707420504142,-0.42064532276535904,-2.411707251315912
-0.3427145165267695,-0.8022772692216189,2.0462437668093783
-0.16128571166600914,0.4040508568145384,0.9305722770751248
1.8861859012105302,0.17457781283183896,5.917457320204589
0.25755039072276437,-0.07444591576616721,1.0181936422090052
-1.9187712152990415,-0.026513875449216878,-3.9913200988721393
0.06023020994102644,2.463242112485286,-2.6498047030276384
-0.19236096478112252,0.30154734233361247,-0.3775223609626991
-0.03471176970524331,-1.168678037619532,3.2387507575251635
1.1428228145150205,0.7519330326867741,2.890894604166026
0.7910319470430469,-0.9093874547947389,4.151012050449105
1.4027943109360992,-1.4018510627922809,7.000555012335454
0.5868570938002703,2.1904556258099785,-3.0963110619918224
-0.9905363251306883,-0.5662977296027719,-0.9691987202088762
0.09965136508764122,-0.5034756541161992,2.0291005144316814
-1.5506634310661327,0.06856297480602733,-3.6239635232986056
-1.0623037137261049,0.4735924306351816,-1.6920200074927714
-0.9194242342338032,1.5499344050175394,-4.803513203596395
-0.7832532923362371,-0.3220615162056756,-0.5984447450188685
0.8135172173696698,-1.2308643164339552,5.31471910164834
0.22745993460412942,1.307142754282428,-0.06357047666498905
-1.6074832345612275,0.1846338585323042,-4.068980107350936
0.25988279424842353,0.7818228717773104,0.82400769249938
-1.236950710878082,-1.3204566130842763,0.2895616568662862
0.5219415656168976,0.29698467323318606,1.2795271766985337
0.25049285034587654,0.3464482094969757,1.2336770859017705
-0.6800247215784908,0.23225369716100355,-1.0185886110492985
0.29307247329868125,-0.7143514180263678,2.7184052971147676
1.8657745111447566,0.4738329209117875,4.846438062715684
-1.1913034972026486,0.6565536086338297,-3.352712036978395
-0.9746816702273214,0.787084603742452,-2.796697789679093
1.158595579007404,-0.8206823183517105,5.7047824578121125
0.9633761292443218,0.4127809269364983,3.4584430626977833
0.82206015999449,1.8967929826539474,-0.9779847182043047
-0.2453881160028705,-0.7537361643574896,2.8097714931644386
-0.8895144296255233,-0.8158102849654383,-0.7313714608872702
-0.0771017094141042,0.3411519748166439,0.11727962427698875
0.27669079933001905,0.8271832490360238,0.49695575330249286
0.01300189187790702,1.4535340771573169,-1.4433606753208865
-0.2646568332379561,2.720169166589619,-4.869296342866502
0.6256673477650062,-0.8571575564162826,4.002990845783186
-1.0708924980611123,0.4824724152431853,-2.7921820599199307
-0.2234627853258509,0.714000494092092,-1.1385402311524986
0.47323762457354485,-0.07282891265687277,2.7389871527267458
-0.846793718068405,-1.5148472246858646,1.7882484522460675
-0.4465149520670211,0.8563987943234723,-2.0042600075801302
0.21409374413020396,-1.245738778711988,4.227364099723714
0.173180925851182,0.3853173797288368,0.8930307915543535
-0.883857436201133,0.1537251059455279,-1.0799177217853027
0.058208718445999896,-1.142970297830623,3.5176827531719272
